Year,State,Deaths,Income
2017,Alabama,53238.0,40252.0
2017,Alaska,4411.0,57278.0
2017,Arizona,57758.0,43301.0
2017,Arkansas,32588.0,42056.0
2017,California,268189.0,58813.0
2017,Colorado,38063.0,55294.0
2017,Connecticut,31312.0,70163.0
2017,Delaware,9178.0,50516.0
2017,District of Columbia,4965.0,79967.0
2017,Florida,203636.0,49020.0
2017,Georgia,83098.0,44996.0
2017,Hawaii,11390.0,51055.0
2017,Idaho,14011.0,41560.0
2017,Illinois,109721.0,53645.0
2017,Indiana,65597.0,45116.0
2017,Iowa,30530.0,47286.0
2017,Kansas,27063.0,48756.0
2017,Kentucky,48212.0,40770.0
2017,Louisiana,45804.0,44074.0
2017,Maine,14676.0,46421.0
2017,Maryland,49926.0,59183.0
2017,Massachusetts,58803.0,66625.0
2017,Michigan,97602.0,45648.0
2017,Minnesota,44371.0,54317.0
2017,Mississippi,32280.0,36907.0
2017,Missouri,61876.0,45376.0
2017,Montana,10200.0,46101.0
2017,Nebraska,16878.0,50204.0
2017,Nevada,24657.0,47542.0
2017,New Hampshire,12504.0,58419.0
2017,New Jersey,74846.0,62397.0
2017,New Mexico,18673.0,39437.0
2017,New York,155358.0,63045.0
2017,North Carolina,93157.0,44529.0
2017,North Dakota,6415.0,52455.0
2017,Ohio,123648.0,46711.0
2017,Oklahoma,40452.0,44444.0
2017,Oregon,36624.0,47983.0
2017,Pennsylvania,135656.0,52499.0
2017,Rhode Island,10157.0,50973.0
2017,South Carolina,49441.0,42819.0
2017,South Dakota,7996.0,50350.0
2017,Tennessee,70096.0,44969.0
2017,Texas,198106.0,49227.0
2017,Utah,18035.0,43400.0
2017,Vermont,6007.0,50709.0
2017,Virginia,68579.0,54976.0
2017,Washington,56995.0,57244.0
2017,West Virginia,23276.0,39169.0
2017,Wisconsin,52681.0,48741.0
2017,Wyoming,4768.0,57126.0
2016,Alabama,52466.0,39014.0
2016,Alaska,4494.0,56278.0
2016,Arizona,56645.0,41473.0
2016,Arkansas,31756.0,40873.0
2016,California,262240.0,56560.0
2016,Colorado,37530.0,52390.0
2016,Connecticut,30543.0,68680.0
2016,Delaware,8874.0,48734.0
2016,District of Columbia,5037.0,78186.0
2016,Florida,197313.0,46454.0
2016,Georgia,81428.0,43033.0
2016,Hawaii,10913.0,49122.0
2016,Idaho,13366.0,40098.0
2016,Illinois,107020.0,52036.0
2016,Indiana,63473.0,43645.0
2016,Iowa,29538.0,46291.0
2016,Kansas,26245.0,47326.0
2016,Kentucky,47827.0,39750.0
2016,Louisiana,44306.0,42725.0
2016,Maine,14182.0,44740.0
2016,Maryland,48824.0,57632.0
2016,Massachusetts,56961.0,64295.0
2016,Michigan,96231.0,44527.0
2016,Minnesota,43078.0,52596.0
2016,Mississippi,31741.0,36021.0
2016,Missouri,59873.0,44410.0
2016,Montana,9905.0,44063.0
2016,Nebraska,16217.0,49360.0
2016,Nevada,23902.0,45450.0
2016,New Hampshire,12203.0,56321.0
2016,New Jersey,73155.0,60533.0
2016,New Mexico,18365.0,38775.0
2016,New York,154358.0,59280.0
2016,North Carolina,90465.0,42936.0
2016,North Dakota,6242.0,52005.0
2016,Ohio,119572.0,45212.0
2016,Oklahoma,39276.0,42521.0
2016,Oregon,35778.0,45999.0
2016,Pennsylvania,133040.0,51181.0
2016,Rhode Island,9735.0,49184.0
2016,South Carolina,48130.0,41178.0
2016,South Dakota,7845.0,49192.0
2016,Tennessee,67857.0,43499.0
2016,Texas,191966.0,46586.0
2016,Utah,17913.0,41750.0
2016,Vermont,5909.0,49621.0
2016,Virginia,66473.0,53268.0
2016,Washington,54769.0,54918.0
2016,West Virginia,22732.0,37380.0
2016,Wisconsin,51815.0,47205.0
2016,Wyoming,4722.0,54827.0
2015,Alabama,51909.0,38531.0
2015,Alaska,4316.0,57575.0
2015,Arizona,54299.0,40334.0
2015,Arkansas,31617.0,39968.0
2015,California,259206.0,54546.0
2015,Colorado,36349.0,52339.0
2015,Connecticut,30535.0,67321.0
2015,Delaware,8582.0,47868.0
2015,District of Columbia,4871.0,75623.0
2015,Florida,191737.0,45659.0
2015,Georgia,79942.0,41941.0
2015,Hawaii,11053.0,47777.0
2015,Idaho,13026.0,39386.0
2015,Illinois,106872.0,51443.0
2015,Indiana,62713.0,42667.0
2015,Iowa,29600.0,46104.0
2015,Kansas,26664.0,47332.0
2015,Kentucky,46564.0,39232.0
2015,Louisiana,43716.0,43113.0
2015,Maine,14479.0,43672.0
2015,Maryland,47247.0,55825.0
2015,Massachusetts,57806.0,62376.0
2015,Michigan,95140.0,43425.0
2015,Minnesota,42800.0,51985.0
2015,Mississippi,31783.0,35533.0
2015,Missouri,59871.0,43322.0
2015,Montana,9942.0,43941.0
2015,Nebraska,16740.0,50556.0
2015,Nevada,22879.0,44493.0
2015,New Hampshire,11984.0,54684.0
2015,New Jersey,72271.0,59175.0
2015,New Mexico,17685.0,38103.0
2015,New York,153628.0,57481.0
2015,North Carolina,89133.0,42076.0
2015,North Dakota,6223.0,53991.0
2015,Ohio,118188.0,44442.0
2015,Oklahoma,39422.0,44894.0
2015,Oregon,35705.0,44694.0
2015,Pennsylvania,132598.0,49927.0
2015,Rhode Island,10163.0,48682.0
2015,South Carolina,47198.0,40053.0
2015,South Dakota,7731.0,49186.0
2015,Tennessee,66570.0,42535.0
2015,Texas,189654.0,47465.0
2015,Utah,17334.0,40459.0
2015,Vermont,5919.0,48876.0
2015,Virginia,65577.0,52238.0
2015,Washington,54595.0,53083.0
2015,West Virginia,22752.0,37468.0
2015,Wisconsin,51264.0,46548.0
2015,Wyoming,4778.0,57846.0
2014,Alabama,50215.0,37055.0
2014,Alaska,4128.0,55867.0
2014,Arizona,51538.0,38756.0
2014,Arkansas,30467.0,38749.0
2014,California,245929.0,51266.0
2014,Colorado,35237.0,50797.0
2014,Connecticut,29860.0,65498.0
2014,Delaware,8260.0,46015.0
2014,District of Columbia,4723.0,71469.0
2014,Florida,185956.0,43516.0
2014,Georgia,76887.0,39969.0
2014,Hawaii,10767.0,46044.0
2014,Idaho,12613.0,37680.0
2014,Illinois,105293.0,49238.0
2014,Indiana,60940.0,41188.0
2014,Iowa,29190.0,44699.0
2014,Kansas,25793.0,47013.0
2014,Kentucky,44838.0,37645.0
2014,Louisiana,43869.0,43085.0
2014,Maine,13510.0,41797.0
2014,Maryland,45867.0,53659.0
2014,Massachusetts,55200.0,58924.0
2014,Michigan,93914.0,41207.0
2014,Minnesota,41445.0,49967.0
2014,Mississippi,30557.0,34896.0
2014,Missouri,58320.0,41963.0
2014,Montana,9381.0,42494.0
2014,Nebraska,15978.0,48957.0
2014,Nevada,21793.0,41773.0
2014,New Hampshire,11516.0,52643.0
2014,New Jersey,71316.0,57065.0
2014,New Mexico,17579.0,37219.0
2014,New York,149944.0,55290.0
2014,North Carolina,85367.0,40293.0
2014,North Dakota,6184.0,57523.0
2014,Ohio,114509.0,42829.0
2014,Oklahoma,38464.0,46614.0
2014,Oregon,34151.0,42134.0
2014,Pennsylvania,128434.0,48063.0
2014,Rhode Island,9770.0,47199.0
2014,South Carolina,45454.0,38152.0
2014,South Dakota,7507.0,47488.0
2014,Tennessee,64661.0,40753.0
2014,Texas,183912.0,47370.0
2014,Utah,16719.0,38168.0
2014,Vermont,5623.0,47641.0
2014,Virginia,63598.0,50318.0
2014,Washington,52099.0,50890.0
2014,West Virginia,22186.0,36570.0
2014,Wisconsin,50291.0,44709.0
2014,Wyoming,4666.0,57749.0
2013,Alabama,50189.0,36014.0
2013,Alaska,3997.0,52812.0
2013,Arizona,50534.0,37139.0
2013,Arkansas,30437.0,36677.0
2013,California,248359.0,48502.0
2013,Colorado,33712.0,47404.0
2013,Connecticut,29632.0,62647.0
2013,Delaware,7967.0,44404.0
2013,District of Columbia,4719.0,67774.0
2013,Florida,181112.0,41162.0
2013,Georgia,75088.0,37794.0
2013,Hawaii,10505.0,43931.0
2013,Idaho,12434.0,36095.0
2013,Illinois,103401.0,47047.0
2013,Indiana,60716.0,39766.0
2013,Iowa,28948.0,43439.0
2013,Kansas,25414.0,46174.0
2013,Kentucky,43759.0,36058.0
2013,Louisiana,43270.0,41376.0
2013,Maine,13547.0,40329.0
2013,Maryland,45689.0,52249.0
2013,Massachusetts,54567.0,56628.0
2013,Michigan,92408.0,39566.0
2013,Minnesota,40987.0,47838.0
2013,Mississippi,30703.0,34259.0
2013,Missouri,57444.0,40569.0
2013,Montana,9511.0,40674.0
2013,Nebraska,15754.0,46653.0
2013,Nevada,21468.0,39664.0
2013,New Hampshire,10897.0,50865.0
2013,New Jersey,71403.0,54813.0
2013,New Mexico,16805.0,35088.0
2013,New York,150919.0,53395.0
2013,North Carolina,83329.0,38394.0
2013,North Dakota,6233.0,54900.0
2013,Ohio,113258.0,41259.0
2013,Oklahoma,38384.0,44017.0
2013,Oregon,33939.0,39788.0
2013,Pennsylvania,129123.0,46213.0
2013,Rhode Island,9792.0,45447.0
2013,South Carolina,44582.0,36204.0
2013,South Dakota,7099.0,45608.0
2013,Tennessee,63406.0,39454.0
2013,Texas,179183.0,44816.0
2013,Utah,16366.0,36511.0
2013,Vermont,5639.0,45770.0
2013,Virginia,62716.0,48573.0
2013,Washington,51264.0,47857.0
2013,West Virginia,21843.0,35318.0
2013,Wisconsin,50026.0,43050.0
2013,Wyoming,4516.0,53776.0
2012,Alabama,49301.0,35824.0
2012,Alaska,3912.0,53708.0
2012,Arizona,49549.0,36545.0
2012,Arkansas,30117.0,36582.0
2012,California,242554.0,48121.0
2012,Colorado,33133.0,45630.0
2012,Connecticut,29316.0,64121.0
2012,Delaware,7875.0,44070.0
2012,District of Columbia,4650.0,68148.0
2012,Florida,177291.0,41540.0
2012,Georgia,72847.0,37495.0
2012,Hawaii,10274.0,43812.0
2012,Idaho,11998.0,35110.0
2012,Illinois,102433.0,46029.0
2012,Indiana,59332.0,39433.0
2012,Iowa,28389.0,42873.0
2012,Kansas,25145.0,45294.0
2012,Kentucky,43664.0,35875.0
2012,Louisiana,42320.0,41003.0
2012,Maine,12870.0,40411.0
2012,Maryland,44477.0,52787.0
2012,Massachusetts,53177.0,56669.0
2012,Michigan,89901.0,39266.0
2012,Minnesota,40016.0,47726.0
2012,Mississippi,29544.0,33657.0
2012,Missouri,56094.0,40317.0
2012,Montana,8976.0,40701.0
2012,Nebraska,15659.0,46670.0
2012,Nevada,20785.0,39909.0
2012,New Hampshire,10730.0,51123.0
2012,New Jersey,70534.0,54574.0
2012,New Mexico,16710.0,35749.0
2012,New York,148991.0,53102.0
2012,North Carolina,81925.0,39103.0
2012,North Dakota,6038.0,56443.0
2012,Ohio,112498.0,40759.0
2012,Oklahoma,36870.0,42232.0
2012,Oregon,32759.0,39371.0
2012,Pennsylvania,126981.0,45855.0
2012,Rhode Island,9354.0,45601.0
2012,South Carolina,43198.0,35989.0
2012,South Dakota,7333.0,45442.0
2012,Tennessee,61956.0,39373.0
2012,Texas,174187.0,44241.0
2012,Utah,15676.0,36005.0
2012,Vermont,5491.0,45277.0
2012,Virginia,61564.0,49309.0
2012,Washington,50105.0,47320.0
2012,West Virginia,21915.0,35453.0
2012,Wisconsin,48384.0,42944.0
2012,Wyoming,4481.0,54213.0
